Mean_Squared_Error,Root_Mean_Squared_Error,Mean_Absolute_Error,SRV_coefficicient,accuracy_rounded
0.6740431458826177,0.8210013068702252,0.6390147364026348,-0.08963782107824025,0.4225
